,Revenue growth,Profit margin,Revenue est,Net Income est
2025,0.12,0.36,274536.64,98833.1904
2026,0.13,0.36,310226.4032,111681.505152
2027,0.12,0.46,347453.5715840001,159828.64292864004
2028,0.1,0.48,382198.92874240014,183455.48579635206
2029,0.08,0.5,412774.8430417921,206387.42152089605
2030,0.05,0.5,433413.5851938817,216706.79259694085
